Workbook

Sheet 🚀 Live Setup & Guide
B8: HOW TO USE THIS LIVE COLLABORATIVE TRACKER
B10: 1. Real-Time Live Multi-User Sharing (Microsoft 365 / OneDrive / Teams)
B11: To allow EVERY team member to access, edit, and enter daily logs simultaneously: • Step 1: Upload this .xlsx file to your Team's Microsoft SharePoint / OneDrive or Microsoft Teams channel. • Step 2: Open the file in 'Excel for the Web' or open in Excel Desktop with 'AutoSave' turned ON. • Step 3: Click 'Share' -> Set to 'People in your organization can edit'. • Step 4: Share the link with all 12 team members. Everyone can now type simultaneously without locking the file!
B16: 2. Google Sheets Live Sharing Option
B17: • Upload this file to Google Drive -> Right click -> 'Open with Google Sheets'. • Click 'Share' -> Add team member emails with 'Editor' permission. • All formulas, drop-down menus, and multi-sheet summaries work 100% out of the box in real time.
B22: 3. Daily Logging Workflow for Team Members
B23: • Navigate to the '📝 Daily Master Log' tab. • Select your Name from the dropdown menu (Column C). • Enter the Date (YYYY-MM-DD), Task Description, and Hours spent. • Set 'Highlight?' to 'Yes' for standout accomplishments / milestone completions. • Set 'Labor Task?' to 'Yes' if the task counts as field/operational labor. • Your Role is automatically looked up, and all metrics on the '📊 KPI Dashboard' update instantly!
B28: 4. Sheet Structure Overview
B29: • 📊 KPI Dashboard: Real-time executive metrics, member breakdown tables, and totals. • 📝 Daily Master Log: Central log sheet with pre-configured dropdowns and live formulas. • 📅 Monthly Matrix: 31-day calendar view for quick daily hour tracking by member. • 👥 Team Roster: Complete member directory with auto-calculated total hours and task counts. • 📋 Weekly Timesheet: Standard weekly client/manager timesheet generator. • ⚙️ Lookup Tables: Data validation sources for drop-down menus.

Sheet ⚙️ Lookup Tables
A2: TEAM MEMBERS REFERENCE TABLE | F2: YES / NO OPTIONS | H2: TASK CATEGORIES
A3: Member Name | B3: Official Role / Designation | C3: Location | D3: Member ID | F3: Choice | H3: Category
A4: Musthaque Ali | B4: Reliability Data Analyst | C4: Global | D4: musthaque_ali | F4: Yes | H4: Tank Datamining
A5: Anjani Dara | B5: Reliability Data Analyst | C5: Global | D5: anjani_dara | F5: No | H5: Visual Inspection Analysis
A6: Hana Sayed | B6: Reliability Data Analyst - India | C6: India | D6: hana_sayed | H6: Calculations & Thickness Review
A7: Mounika Pasunuti | B7: Reliability Data Analyst | C7: Global | D7: mounika_pasunuti | H7: Drawings & Traceability
A8: Piyush Gupta | B8: Reliability Data Analyst - India | C8: India | D8: piyush_gupta | H8: Damage Mechanism Review
A9: Priti Barman | B9: Reliability Data Analyst - India | C9: India | D9: priti_barman | H9: QA / QC Verification
A10: Sandip Dey | B10: Reliability Data Analyst - India | C10: India | D10: sandip_dey | H10: Reporting & Deliverables
A11: Sayan Adhikary | B11: Reliability Data Analyst - India | C11: India | D11: sayan_adhikary | H11: Team Standup & Coordination
A12: Shivakumar Sunkari | B12: Reliability Data Analyst | C12: Global | D12: shivakumar_sunkari
A13: Soumen Jit | B13: Reliability Data Analyst - India | C13: India | D13: soumen_jit
A14: Srivalli Sunkari | B14: Reliability Data Analyst | C14: Global | D14: srivalli_sunkari
A15: Swapna Santhapuram | B15: Lead (Services) - India | C15: India | D15: swapna_santhapuram

Sheet 📊 KPI Dashboard
B8: TOTAL TEAM HOURS | D8: TOTAL TASKS LOGGED | F8: HIGHLIGHTED TASKS | H8: LABOR TASKS LOGGED
B9: =SUM('📝 Daily Master Log'!F4:F500) | D9: =COUNTA('📝 Daily Master Log'!E4:E500) | F9: =COUNTIF('📝 Daily Master Log'!G4:G500, "Yes") | H9: =COUNTIF('📝 Daily Master Log'!H4:H500, "Yes")
B11: h logged to date | D11: completed entries | F11: key milestones | H11: operational items
B13: TEAM PERFORMANCE & HOURLY BREAKDOWN
B14: Member Name | C14: Role / Designation | D14: Location | E14: Total Hours | F14: Task Count | G14: Highlighted | H14: Labor Hours | I14: % Team Workload
B15: Musthaque Ali | C15: Reliability Data Analyst | D15: Global | E15: =SUMIF('📝 Daily Master Log'!$C$4:$C$500, B15, '📝 Daily Master Log'!$F$4:$F$500) | F15: =COUNTIF('📝 Daily Master Log'!$C$4:$C$500, B15) | G15: =COUNTIFS('📝 Daily Master Log'!$C$4:$C$500, B15, '📝 Daily Master Log'!$G$4:$G$500, "Yes") | H15: =SUMIFS('📝 Daily Master Log'!$F$4:$F$500, '📝 Daily Master Log'!$C$4:$C$500, B15, '📝 Daily Master Log'!$H$4:$H$500, "Yes") | I15: =IF($B$9>0, E15/$B$9, 0)
B16: Anjani Dara | C16: Reliability Data Analyst | D16: Global | E16: =SUMIF('📝 Daily Master Log'!$C$4:$C$500, B16, '📝 Daily Master Log'!$F$4:$F$500) | F16: =COUNTIF('📝 Daily Master Log'!$C$4:$C$500, B16) | G16: =COUNTIFS('📝 Daily Master Log'!$C$4:$C$500, B16, '📝 Daily Master Log'!$G$4:$G$500, "Yes") | H16: =SUMIFS('📝 Daily Master Log'!$F$4:$F$500, '📝 Daily Master Log'!$C$4:$C$500, B16, '📝 Daily Master Log'!$H$4:$H$500, "Yes") | I16: =IF($B$9>0, E16/$B$9, 0)
B17: Hana Sayed | C17: Reliability Data Analyst - India | D17: India | E17: =SUMIF('📝 Daily Master Log'!$C$4:$C$500, B17, '📝 Daily Master Log'!$F$4:$F$500) | F17: =COUNTIF('📝 Daily Master Log'!$C$4:$C$500, B17) | G17: =COUNTIFS('📝 Daily Master Log'!$C$4:$C$500, B17, '📝 Daily Master Log'!$G$4:$G$500, "Yes") | H17: =SUMIFS('📝 Daily Master Log'!$F$4:$F$500, '📝 Daily Master Log'!$C$4:$C$500, B17, '📝 Daily Master Log'!$H$4:$H$500, "Yes") | I17: =IF($B$9>0, E17/$B$9, 0)
B18: Mounika Pasunuti | C18: Reliability Data Analyst | D18: Global | E18: =SUMIF('📝 Daily Master Log'!$C$4:$C$500, B18, '📝 Daily Master Log'!$F$4:$F$500) | F18: =COUNTIF('📝 Daily Master Log'!$C$4:$C$500, B18) | G18: =COUNTIFS('📝 Daily Master Log'!$C$4:$C$500, B18, '📝 Daily Master Log'!$G$4:$G$500, "Yes") | H18: =SUMIFS('📝 Daily Master Log'!$F$4:$F$500, '📝 Daily Master Log'!$C$4:$C$500, B18, '📝 Daily Master Log'!$H$4:$H$500, "Yes") | I18: =IF($B$9>0, E18/$B$9, 0)
B19: Piyush Gupta | C19: Reliability Data Analyst - India | D19: India | E19: =SUMIF('📝 Daily Master Log'!$C$4:$C$500, B19, '📝 Daily Master Log'!$F$4:$F$500) | F19: =COUNTIF('📝 Daily Master Log'!$C$4:$C$500, B19) | G19: =COUNTIFS('📝 Daily Master Log'!$C$4:$C$500, B19, '📝 Daily Master Log'!$G$4:$G$500, "Yes") | H19: =SUMIFS('📝 Daily Master Log'!$F$4:$F$500, '📝 Daily Master Log'!$C$4:$C$500, B19, '📝 Daily Master Log'!$H$4:$H$500, "Yes") | I19: =IF($B$9>0, E19/$B$9, 0)
B20: Priti Barman | C20: Reliability Data Analyst - India | D20: India | E20: =SUMIF('📝 Daily Master Log'!$C$4:$C$500, B20, '📝 Daily Master Log'!$F$4:$F$500) | F20: =COUNTIF('📝 Daily Master Log'!$C$4:$C$500, B20) | G20: =COUNTIFS('📝 Daily Master Log'!$C$4:$C$500, B20, '📝 Daily Master Log'!$G$4:$G$500, "Yes") | H20: =SUMIFS('📝 Daily Master Log'!$F$4:$F$500, '📝 Daily Master Log'!$C$4:$C$500, B20, '📝 Daily Master Log'!$H$4:$H$500, "Yes") | I20: =IF($B$9>0, E20/$B$9, 0)
B21: Sandip Dey | C21: Reliability Data Analyst - India | D21: India | E21: =SUMIF('📝 Daily Master Log'!$C$4:$C$500, B21, '📝 Daily Master Log'!$F$4:$F$500) | F21: =COUNTIF('📝 Daily Master Log'!$C$4:$C$500, B21) | G21: =COUNTIFS('📝 Daily Master Log'!$C$4:$C$500, B21, '📝 Daily Master Log'!$G$4:$G$500, "Yes") | H21: =SUMIFS('📝 Daily Master Log'!$F$4:$F$500, '📝 Daily Master Log'!$C$4:$C$500, B21, '📝 Daily Master Log'!$H$4:$H$500, "Yes") | I21: =IF($B$9>0, E21/$B$9, 0)
B22: Sayan Adhikary | C22: Reliability Data Analyst - India | D22: India | E22: =SUMIF('📝 Daily Master Log'!$C$4:$C$500, B22, '📝 Daily Master Log'!$F$4:$F$500) | F22: =COUNTIF('📝 Daily Master Log'!$C$4:$C$500, B22) | G22: =COUNTIFS('📝 Daily Master Log'!$C$4:$C$500, B22, '📝 Daily Master Log'!$G$4:$G$500, "Yes") | H22: =SUMIFS('📝 Daily Master Log'!$F$4:$F$500, '📝 Daily Master Log'!$C$4:$C$500, B22, '📝 Daily Master Log'!$H$4:$H$500, "Yes") | I22: =IF($B$9>0, E22/$B$9, 0)
B23: Shivakumar Sunkari | C23: Reliability Data Analyst | D23: Global | E23: =SUMIF('📝 Daily Master Log'!$C$4:$C$500, B23, '📝 Daily Master Log'!$F$4:$F$500) | F23: =COUNTIF('📝 Daily Master Log'!$C$4:$C$500, B23) | G23: =COUNTIFS('📝 Daily Master Log'!$C$4:$C$500, B23, '📝 Daily Master Log'!$G$4:$G$500, "Yes") | H23: =SUMIFS('📝 Daily Master Log'!$F$4:$F$500, '📝 Daily Master Log'!$C$4:$C$500, B23, '📝 Daily Master Log'!$H$4:$H$500, "Yes") | I23: =IF($B$9>0, E23/$B$9, 0)
B24: Soumen Jit | C24: Reliability Data Analyst - India | D24: India | E24: =SUMIF('📝 Daily Master Log'!$C$4:$C$500, B24, '📝 Daily Master Log'!$F$4:$F$500) | F24: =COUNTIF('📝 Daily Master Log'!$C$4:$C$500, B24) | G24: =COUNTIFS('📝 Daily Master Log'!$C$4:$C$500, B24, '📝 Daily Master Log'!$G$4:$G$500, "Yes") | H24: =SUMIFS('📝 Daily Master Log'!$F$4:$F$500, '📝 Daily Master Log'!$C$4:$C$500, B24, '📝 Daily Master Log'!$H$4:$H$500, "Yes") | I24: =IF($B$9>0, E24/$B$9, 0)
B25: Srivalli Sunkari | C25: Reliability Data Analyst | D25: Global | E25: =SUMIF('📝 Daily Master Log'!$C$4:$C$500, B25, '📝 Daily Master Log'!$F$4:$F$500) | F25: =COUNTIF('📝 Daily Master Log'!$C$4:$C$500, B25) | G25: =COUNTIFS('📝 Daily Master Log'!$C$4:$C$500, B25, '📝 Daily Master Log'!$G$4:$G$500, "Yes") | H25: =SUMIFS('📝 Daily Master Log'!$F$4:$F$500, '📝 Daily Master Log'!$C$4:$C$500, B25, '📝 Daily Master Log'!$H$4:$H$500, "Yes") | I25: =IF($B$9>0, E25/$B$9, 0)
B26: Swapna Santhapuram | C26: Lead (Services) - India | D26: India | E26: =SUMIF('📝 Daily Master Log'!$C$4:$C$500, B26, '📝 Daily Master Log'!$F$4:$F$500) | F26: =COUNTIF('📝 Daily Master Log'!$C$4:$C$500, B26) | G26: =COUNTIFS('📝 Daily Master Log'!$C$4:$C$500, B26, '📝 Daily Master Log'!$G$4:$G$500, "Yes") | H26: =SUMIFS('📝 Daily Master Log'!$F$4:$F$500, '📝 Daily Master Log'!$C$4:$C$500, B26, '📝 Daily Master Log'!$H$4:$H$500, "Yes") | I26: =IF($B$9>0, E26/$B$9, 0)
B27: TOTAL TEAM AGGREGATE | E27: =SUM(E15:E26) | F27: =SUM(F15:F26) | G27: =SUM(G15:G26) | H27: =SUM(H15:H26) | I27: 100.0%

Sheet 📝 Daily Master Log
C1: CHEVRON TEAM DAILY TASK MASTER LOG
C2: Central Live Multi-User Entry Sheet | Real-time Auto-Calculations
A3: Log ID | B3: Date (YYYY-MM-DD) | C3: Team Member Name | D3: Role / Designation | E3: Task Description & Deliverables | F3: Hours | G3: Highlight? | H3: Labor? | I3: Task Category | J3: Logged Timestamp / Notes | K3: Assets/Units/ISOs/PIDs | L3: metric/task in hrs | M3: count per day | N3: achieved on the day | O3: Efficiency | P3: Road blocks
A4: LOG-001 | B4: 2026-08-06 | C4: Mounika Pasunuti | D4: =IFERROR(VLOOKUP(C4, '⚙️ Lookup Tables'!$A$4:$B$15, 2, FALSE), "") | E4: Did Tank Datamining for X-3109 unit | F4: 2 | G4: No | H4: No | I4: Tank Datamining | J4: Initial log sync | L4: 0.25 | O4: =IF(M4>0, N4/M4, "")
A5: LOG-002 | B5: 2026-08-08 | C5: Musthaque Ali | D5: =IFERROR(VLOOKUP(C5, '⚙️ Lookup Tables'!$A$4:$B$15, 2, FALSE), "") | E5: Analyzed flange type calculations and verified material traceability SK1 drawing | F5: 4.5 | G5: Yes | H5: No | I5: Calculations & Thickness Review | J5: Standout milestone | L5: 0.25 | O5: =IF(M5>0, N5/M5, "")
A6: LOG-003 | B6: 2026-08-08 | C6: Anjani Dara | D6: =IFERROR(VLOOKUP(C6, '⚙️ Lookup Tables'!$A$4:$B$15, 2, FALSE), "") | E6: Reviewed external visual inspection reports 04-21-2008 and 12-19-2017 | F6: 5 | G6: No | H6: Yes | I6: Visual Inspection Analysis | J6: Labor verification | L6: 0.25 | O6: =IF(M6>0, N6/M6, "")
A7: LOG-004 | B7: 2026-08-08 | C7: Hana Sayed | D7: =IFERROR(VLOOKUP(C7, '⚙️ Lookup Tables'!$A$4:$B$15, 2, FALSE), "") | E7: Completed component makeup breakdown and corrosion rate database mapping | F7: 4 | G7: Yes | H7: No | I7: Damage Mechanism Review | J7: Corrosion table finalized | L7: 0.25 | O7: =IF(M7>0, N7/M7, "")
A8: LOG-005 | B8: 2026-08-08 | C8: Piyush Gupta | D8: =IFERROR(VLOOKUP(C8, '⚙️ Lookup Tables'!$A$4:$B$15, 2, FALSE), "") | E8: Verified Metalforms bundle repair drawings p1-p10 and bundle calculations | F8: 3.5 | G8: No | H8: No | I8: Drawings & Traceability | L8: 0.25 | O8: =IF(M8>0, N8/M8, "")
A9: LOG-006 | B9: 2026-08-08 | C9: Swapna Santhapuram | D9: =IFERROR(VLOOKUP(C9, '⚙️ Lookup Tables'!$A$4:$B$15, 2, FALSE), "") | E9: Conducted Chevron deliverables review and team sprint alignment | F9: 2.5 | G9: Yes | H9: No | I9: Team Standup & Coordination | J9: Lead coordination | L9: 0.25 | O9: =IF(M9>0, N9/M9, "")
A10: LOG-007 | D10: =IFERROR(VLOOKUP(C10, '⚙️ Lookup Tables'!$A$4:$B$15, 2, FALSE), "") | G10: No | H10: No | L10: 0.25 | O10: =IF(M10>0, N10/M10, "")
A11: LOG-008 | D11: =IFERROR(VLOOKUP(C11, '⚙️ Lookup Tables'!$A$4:$B$15, 2, FALSE), "") | G11: No | H11: No | L11: 0.25 | O11: =IF(M11>0, N11/M11, "")
A12: LOG-009 | D12: =IFERROR(VLOOKUP(C12, '⚙️ Lookup Tables'!$A$4:$B$15, 2, FALSE), "") | G12: No | H12: No | L12: 0.25 | O12: =IF(M12>0, N12/M12, "")
A13: LOG-010 | D13: =IFERROR(VLOOKUP(C13, '⚙️ Lookup Tables'!$A$4:$B$15, 2, FALSE), "") | G13: No | H13: No | L13: 0.25 | O13: =IF(M13>0, N13/M13, "")
A14: LOG-011 | D14: =IFERROR(VLOOKUP(C14, '⚙️ Lookup Tables'!$A$4:$B$15, 2, FALSE), "") | G14: No | H14: No | L14: 0.25 | O14: =IF(M14>0, N14/M14, "")
A15: LOG-012 | D15: =IFERROR(VLOOKUP(C15, '⚙️ Lookup Tables'!$A$4:$B$15, 2, FALSE), "") | G15: No | H15: No | L15: 0.25 | O15: =IF(M15>0, N15/M15, "")
A16: LOG-013 | D16: =IFERROR(VLOOKUP(C16, '⚙️ Lookup Tables'!$A$4:$B$15, 2, FALSE), "") | G16: No | H16: No | L16: 0.25 | O16: =IF(M16>0, N16/M16, "")
A17: LOG-014 | D17: =IFERROR(VLOOKUP(C17, '⚙️ Lookup Tables'!$A$4:$B$15, 2, FALSE), "") | G17: No | H17: No | L17: 0.25 | O17: =IF(M17>0, N17/M17, "")
A18: LOG-015 | D18: =IFERROR(VLOOKUP(C18, '⚙️ Lookup Tables'!$A$4:$B$15, 2, FALSE), "") | G18: No | H18: No | L18: 0.25 | O18: =IF(M18>0, N18/M18, "")
A19: LOG-016 | D19: =IFERROR(VLOOKUP(C19, '⚙️ Lookup Tables'!$A$4:$B$15, 2, FALSE), "") | G19: No | H19: No | L19: 0.25 | O19: =IF(M19>0, N19/M19, "")
A20: LOG-017 | D20: =IFERROR(VLOOKUP(C20, '⚙️ Lookup Tables'!$A$4:$B$15, 2, FALSE), "") | G20: No | H20: No | L20: 0.25 | O20: =IF(M20>0, N20/M20, "")
A21: LOG-018 | D21: =IFERROR(VLOOKUP(C21, '⚙️ Lookup Tables'!$A$4:$B$15, 2, FALSE), "") | G21: No | H21: No | L21: 0.25 | O21: =IF(M21>0, N21/M21, "")
... A100: LOG-097 | D100: =IFERROR(VLOOKUP(C100, '⚙️ Lookup Tables'!$A$4:$B$15, 2, FALSE), "") | G100: No | H100: No | L100: 0.25 | O100: =IF(M100>0, N100/M100, "")
A101: LOG-098 | D101: =IFERROR(VLOOKUP(C101, '⚙️ Lookup Tables'!$A$4:$B$15, 2, FALSE), "") | G101: No | H101: No
A102: LOG-099 | D102: =IFERROR(VLOOKUP(C102, '⚙️ Lookup Tables'!$A$4:$B$15, 2, FALSE), "") | G102: No | H102: No
A103: LOG-100 | D103: =IFERROR(VLOOKUP(C103, '⚙️ Lookup Tables'!$A$4:$B$15, 2, FALSE), "") | G103: No | H103: No
A104: LOG-101 | D104: =IFERROR(VLOOKUP(C104, '⚙️ Lookup Tables'!$A$4:$B$15, 2, FALSE), "") | G104: No | H104: No
A105: LOG-102 | D105: =IFERROR(VLOOKUP(C105, '⚙️ Lookup Tables'!$A$4:$B$15, 2, FALSE), "") | G105: No | H105: No
A106: LOG-103 | D106: =IFERROR(VLOOKUP(C106, '⚙️ Lookup Tables'!$A$4:$B$15, 2, FALSE), "") | G106: No | H106: No
A107: LOG-104 | D107: =IFERROR(VLOOKUP(C107, '⚙️ Lookup Tables'!$A$4:$B$15, 2, FALSE), "") | G107: No | H107: No
A108: LOG-105 | D108: =IFERROR(VLOOKUP(C108, '⚙️ Lookup Tables'!$A$4:$B$15, 2, FALSE), "") | G108: No | H108: No
A109: LOG-106 | D109: =IFERROR(VLOOKUP(C109, '⚙️ Lookup Tables'!$A$4:$B$15, 2, FALSE), "") | G109: No | H109: No
A110: LOG-107 | D110: =IFERROR(VLOOKUP(C110, '⚙️ Lookup Tables'!$A$4:$B$15, 2, FALSE), "") | G110: No | H110: No
A111: LOG-108 | D111: =IFERROR(VLOOKUP(C111, '⚙️ Lookup Tables'!$A$4:$B$15, 2, FALSE), "") | G111: No | H111: No
A112: LOG-109 | D112: =IFERROR(VLOOKUP(C112, '⚙️ Lookup Tables'!$A$4:$B$15, 2, FALSE), "") | G112: No | H112: No
... A300: LOG-297 | D300: =IFERROR(VLOOKUP(C300, '⚙️ Lookup Tables'!$A$4:$B$15, 2, FALSE), "") | G300: No | H300: No

Sheet 📅 Monthly Matrix
B8: MONTHLY TEAM DAILY HOURS MATRIX
B9: Enter daily hours per member directly or reference live tasks | Columns 1 to 31
B11: Member Name | C11: Role | D11: D1 | E11: D2 | F11: D3 | G11: D4 | H11: D5 | I11: D6 | J11: D7 | K11: D8 | L11: D9 | M11: D10 | N11: D11 | O11: D12 | P11: D13 | Q11: D14 | R11: D15 | S11: D16 | T11: D17 | U11: D18 | V11: D19 | W11: D20 | X11: D21 | Y11: D22 | Z11: D23 | AA11: D24 | AB11: D25 | AC11: D26 | AD11: D27 | AE11: D28 | AF11: D29 | AG11: D30 | AH11: D31 | AI11: Month Total | AJ11: Avg/Day
B12: Musthaque Ali | C12: Reliability Data Analyst | K12: 4.5 | AI12: =SUM(D12:AH12) | AJ12: =IF(AI12>0, AI12/COUNTIF(D12:AH12, ">0"), 0)
B13: Anjani Dara | C13: Reliability Data Analyst | K13: 5 | AI13: =SUM(D13:AH13) | AJ13: =IF(AI13>0, AI13/COUNTIF(D13:AH13, ">0"), 0)
B14: Hana Sayed | C14: Reliability Data Analyst - India | K14: 4 | AI14: =SUM(D14:AH14) | AJ14: =IF(AI14>0, AI14/COUNTIF(D14:AH14, ">0"), 0)
B15: Mounika Pasunuti | C15: Reliability Data Analyst | I15: 2 | AI15: =SUM(D15:AH15) | AJ15: =IF(AI15>0, AI15/COUNTIF(D15:AH15, ">0"), 0)
B16: Piyush Gupta | C16: Reliability Data Analyst - India | K16: 3.5 | AI16: =SUM(D16:AH16) | AJ16: =IF(AI16>0, AI16/COUNTIF(D16:AH16, ">0"), 0)
B17: Priti Barman | C17: Reliability Data Analyst - India | AI17: =SUM(D17:AH17) | AJ17: =IF(AI17>0, AI17/COUNTIF(D17:AH17, ">0"), 0)
B18: Sandip Dey | C18: Reliability Data Analyst - India | AI18: =SUM(D18:AH18) | AJ18: =IF(AI18>0, AI18/COUNTIF(D18:AH18, ">0"), 0)
B19: Sayan Adhikary | C19: Reliability Data Analyst - India | AI19: =SUM(D19:AH19) | AJ19: =IF(AI19>0, AI19/COUNTIF(D19:AH19, ">0"), 0)
B20: Shivakumar Sunkari | C20: Reliability Data Analyst | AI20: =SUM(D20:AH20) | AJ20: =IF(AI20>0, AI20/COUNTIF(D20:AH20, ">0"), 0)
B21: Soumen Jit | C21: Reliability Data Analyst - India | AI21: =SUM(D21:AH21) | AJ21: =IF(AI21>0, AI21/COUNTIF(D21:AH21, ">0"), 0)
B22: Srivalli Sunkari | C22: Reliability Data Analyst | AI22: =SUM(D22:AH22) | AJ22: =IF(AI22>0, AI22/COUNTIF(D22:AH22, ">0"), 0)
B23: Swapna Santhapuram | C23: Lead (Services) - India | K23: 2.5 | AI23: =SUM(D23:AH23) | AJ23: =IF(AI23>0, AI23/COUNTIF(D23:AH23, ">0"), 0)
B24: DAILY TOTAL HOURS | D24: =SUM(D12:D23) | E24: =SUM(E12:E23) | F24: =SUM(F12:F23) | G24: =SUM(G12:G23) | H24: =SUM(H12:H23) | I24: =SUM(I12:I23) | J24: =SUM(J12:J23) | K24: =SUM(K12:K23) | ... AI24: =SUM(AI12:AI23)

Sheet 👥 Team Roster
B8: CHEVRON PROJECT TEAM DIRECTORY & ENGAGEMENT
B10: Member ID | C10: Full Name | D10: Role / Designation | E10: Location | F10: Total Hours Logged | G10: Total Tasks Logged | H10: Active Status
B11: musthaque_ali | C11: Musthaque Ali | D11: Reliability Data Analyst | E11: Global | F11: =SUMIF('📝 Daily Master Log'!$C$4:$C$500, C11, '📝 Daily Master Log'!$F$4:$F$500) | G11: =COUNTIF('📝 Daily Master Log'!$C$4:$C$500, C11) | H11: Active
B12: anjani_dara | C12: Anjani Dara | D12: Reliability Data Analyst | E12: Global | F12: =SUMIF('📝 Daily Master Log'!$C$4:$C$500, C12, '📝 Daily Master Log'!$F$4:$F$500) | G12: =COUNTIF('📝 Daily Master Log'!$C$4:$C$500, C12) | H12: Active
B13: hana_sayed | C13: Hana Sayed | D13: Reliability Data Analyst - India | E13: India | F13: =SUMIF('📝 Daily Master Log'!$C$4:$C$500, C13, '📝 Daily Master Log'!$F$4:$F$500) | G13: =COUNTIF('📝 Daily Master Log'!$C$4:$C$500, C13) | H13: Active
B14: mounika_pasunuti | C14: Mounika Pasunuti | D14: Reliability Data Analyst | E14: Global | F14: =SUMIF('📝 Daily Master Log'!$C$4:$C$500, C14, '📝 Daily Master Log'!$F$4:$F$500) | G14: =COUNTIF('📝 Daily Master Log'!$C$4:$C$500, C14) | H14: Active
B15: piyush_gupta | C15: Piyush Gupta | D15: Reliability Data Analyst - India | E15: India | F15: =SUMIF('📝 Daily Master Log'!$C$4:$C$500, C15, '📝 Daily Master Log'!$F$4:$F$500) | G15: =COUNTIF('📝 Daily Master Log'!$C$4:$C$500, C15) | H15: Active
B16: priti_barman | C16: Priti Barman | D16: Reliability Data Analyst - India | E16: India | F16: =SUMIF('📝 Daily Master Log'!$C$4:$C$500, C16, '📝 Daily Master Log'!$F$4:$F$500) | G16: =COUNTIF('📝 Daily Master Log'!$C$4:$C$500, C16) | H16: Active
B17: sandip_dey | C17: Sandip Dey | D17: Reliability Data Analyst - India | E17: India | F17: =SUMIF('📝 Daily Master Log'!$C$4:$C$500, C17, '📝 Daily Master Log'!$F$4:$F$500) | G17: =COUNTIF('📝 Daily Master Log'!$C$4:$C$500, C17) | H17: Active
B18: sayan_adhikary | C18: Sayan Adhikary | D18: Reliability Data Analyst - India | E18: India | F18: =SUMIF('📝 Daily Master Log'!$C$4:$C$500, C18, '📝 Daily Master Log'!$F$4:$F$500) | G18: =COUNTIF('📝 Daily Master Log'!$C$4:$C$500, C18) | H18: Active
B19: shivakumar_sunkari | C19: Shivakumar Sunkari | D19: Reliability Data Analyst | E19: Global | F19: =SUMIF('📝 Daily Master Log'!$C$4:$C$500, C19, '📝 Daily Master Log'!$F$4:$F$500) | G19: =COUNTIF('📝 Daily Master Log'!$C$4:$C$500, C19) | H19: Active
B20: soumen_jit | C20: Soumen Jit | D20: Reliability Data Analyst - India | E20: India | F20: =SUMIF('📝 Daily Master Log'!$C$4:$C$500, C20, '📝 Daily Master Log'!$F$4:$F$500) | G20: =COUNTIF('📝 Daily Master Log'!$C$4:$C$500, C20) | H20: Active
B21: srivalli_sunkari | C21: Srivalli Sunkari | D21: Reliability Data Analyst | E21: Global | F21: =SUMIF('📝 Daily Master Log'!$C$4:$C$500, C21, '📝 Daily Master Log'!$F$4:$F$500) | G21: =COUNTIF('📝 Daily Master Log'!$C$4:$C$500, C21) | H21: Active
B22: swapna_santhapuram | C22: Swapna Santhapuram | D22: Lead (Services) - India | E22: India | F22: =SUMIF('📝 Daily Master Log'!$C$4:$C$500, C22, '📝 Daily Master Log'!$F$4:$F$500) | G22: =COUNTIF('📝 Daily Master Log'!$C$4:$C$500, C22) | H22: Active

Sheet 📋 Weekly Timesheet
B8: WEEKLY TIMESHEET & CLIENT BILLING ROLLUP
B10: Week Period: | C10: Week of Aug 4, 2026 - Aug 10, 2026 | F10: Project / Account: | G10: Chevron Maintenance & Reliability Engineering
B12: Team Member Name | C12: Role | D12: Mon | E12: Tue | F12: Wed | G12: Thu | H12: Fri | I12: Sat | J12: Sun | K12: Total Regular Hrs | L12: Total Labor Hrs | M12: Total Weekly Hours
B13: Musthaque Ali | C13: Reliability Data Analyst | I13: 4.5 | K13: =SUM(D13:J13)-L13 | L13: =SUMIFS('📝 Daily Master Log'!$F$4:$F$500, '📝 Daily Master Log'!$C$4:$C$500, B13, '📝 Daily Master Log'!$H$4:$H$500, "Yes") | M13: =SUM(D13:J13)
B14: Anjani Dara | C14: Reliability Data Analyst | I14: 5 | K14: =SUM(D14:J14)-L14 | L14: =SUMIFS('📝 Daily Master Log'!$F$4:$F$500, '📝 Daily Master Log'!$C$4:$C$500, B14, '📝 Daily Master Log'!$H$4:$H$500, "Yes") | M14: =SUM(D14:J14)
B15: Hana Sayed | C15: Reliability Data Analyst - India | I15: 4 | K15: =SUM(D15:J15)-L15 | L15: =SUMIFS('📝 Daily Master Log'!$F$4:$F$500, '📝 Daily Master Log'!$C$4:$C$500, B15, '📝 Daily Master Log'!$H$4:$H$500, "Yes") | M15: =SUM(D15:J15)
B16: Mounika Pasunuti | C16: Reliability Data Analyst | G16: 2 | K16: =SUM(D16:J16)-L16 | L16: =SUMIFS('📝 Daily Master Log'!$F$4:$F$500, '📝 Daily Master Log'!$C$4:$C$500, B16, '📝 Daily Master Log'!$H$4:$H$500, "Yes") | M16: =SUM(D16:J16)
B17: Piyush Gupta | C17: Reliability Data Analyst - India | I17: 3.5 | K17: =SUM(D17:J17)-L17 | L17: =SUMIFS('📝 Daily Master Log'!$F$4:$F$500, '📝 Daily Master Log'!$C$4:$C$500, B17, '📝 Daily Master Log'!$H$4:$H$500, "Yes") | M17: =SUM(D17:J17)
B18: Priti Barman | C18: Reliability Data Analyst - India | K18: =SUM(D18:J18)-L18 | L18: =SUMIFS('📝 Daily Master Log'!$F$4:$F$500, '📝 Daily Master Log'!$C$4:$C$500, B18, '📝 Daily Master Log'!$H$4:$H$500, "Yes") | M18: =SUM(D18:J18)
B19: Sandip Dey | C19: Reliability Data Analyst - India | K19: =SUM(D19:J19)-L19 | L19: =SUMIFS('📝 Daily Master Log'!$F$4:$F$500, '📝 Daily Master Log'!$C$4:$C$500, B19, '📝 Daily Master Log'!$H$4:$H$500, "Yes") | M19: =SUM(D19:J19)
B20: Sayan Adhikary | C20: Reliability Data Analyst - India | K20: =SUM(D20:J20)-L20 | L20: =SUMIFS('📝 Daily Master Log'!$F$4:$F$500, '📝 Daily Master Log'!$C$4:$C$500, B20, '📝 Daily Master Log'!$H$4:$H$500, "Yes") | M20: =SUM(D20:J20)
B21: Shivakumar Sunkari | C21: Reliability Data Analyst | K21: =SUM(D21:J21)-L21 | L21: =SUMIFS('📝 Daily Master Log'!$F$4:$F$500, '📝 Daily Master Log'!$C$4:$C$500, B21, '📝 Daily Master Log'!$H$4:$H$500, "Yes") | M21: =SUM(D21:J21)
B22: Soumen Jit | C22: Reliability Data Analyst - India | K22: =SUM(D22:J22)-L22 | L22: =SUMIFS('📝 Daily Master Log'!$F$4:$F$500, '📝 Daily Master Log'!$C$4:$C$500, B22, '📝 Daily Master Log'!$H$4:$H$500, "Yes") | M22: =SUM(D22:J22)
B23: Srivalli Sunkari | C23: Reliability Data Analyst | K23: =SUM(D23:J23)-L23 | L23: =SUMIFS('📝 Daily Master Log'!$F$4:$F$500, '📝 Daily Master Log'!$C$4:$C$500, B23, '📝 Daily Master Log'!$H$4:$H$500, "Yes") | M23: =SUM(D23:J23)
B24: Swapna Santhapuram | C24: Lead (Services) - India | I24: 2.5 | K24: =SUM(D24:J24)-L24 | L24: =SUMIFS('📝 Daily Master Log'!$F$4:$F$500, '📝 Daily Master Log'!$C$4:$C$500, B24, '📝 Daily Master Log'!$H$4:$H$500, "Yes") | M24: =SUM(D24:J24)
B25: TOTAL WEEKLY SUMMARY | D25: =SUM(D13:D24) | E25: =SUM(E13:E24) | F25: =SUM(F13:F24) | G25: =SUM(G13:G24) | H25: =SUM(H13:H24) | I25: =SUM(I13:I24) | J25: =SUM(J13:J24) | K25: =SUM(K13:K24) | ... M25: =SUM(M13:M24)
B28: Prepared By: | C28: Lead Services | F28: Reviewed & Approved By: | H28: Chevron Account Manager
B29: Date: | C29: 2026-08-16 | F29: Approval Date: | H29: 2026-08-16

Sheet Mounika
B2: S.No | C2: Date | D2: Task worker | E2: Task | F2: Assets/Units/ISOs/PIDs | G2: Hrs/day | H2: metric/task in hrs | I2: count per day | J2: achieved on the day | K2: Efficiency | L2: Road blocks | M2: Notes
K3: =IF(I3>0, J3/I3, "")
K4: =IF(I4>0, J4/I4, "")
K5: =IF(I5>0, J5/I5, "")
K6: =IF(I6>0, J6/I6, "")
K7: =IF(I7>0, J7/I7, "")
K8: =IF(I8>0, J8/I8, "")
K9: =IF(I9>0, J9/I9, "")
K10: =IF(I10>0, J10/I10, "")
K11: =IF(I11>0, J11/I11, "")
K12: =IF(I12>0, J12/I12, "")
K13: =IF(I13>0, J13/I13, "")
K14: =IF(I14>0, J14/I14, "")
... K60: =IF(I60>0, J60/I60, "")

Sheet Hana
B2: S.No | C2: Date | D2: Task worker | E2: Task | F2: Assets/Units/ISOs/PIDs | G2: Hrs/day | H2: metric/task in hrs | I2: count per day | J2: achieved on the day | K2: Efficiency | L2: Road blocks | M2: Notes
K3: =IF(I3>0, J3/I3, "")
K4: =IF(I4>0, J4/I4, "")
K5: =IF(I5>0, J5/I5, "")
K6: =IF(I6>0, J6/I6, "")
K7: =IF(I7>0, J7/I7, "")
K8: =IF(I8>0, J8/I8, "")
K9: =IF(I9>0, J9/I9, "")
K10: =IF(I10>0, J10/I10, "")
K11: =IF(I11>0, J11/I11, "")
K12: =IF(I12>0, J12/I12, "")
K13: =IF(I13>0, J13/I13, "")
K14: =IF(I14>0, J14/I14, "")
... K60: =IF(I60>0, J60/I60, "")

Sheet Shiva
B2: S.No | C2: Date | D2: Task worker | E2: Task | F2: Assets/Units/ISOs/PIDs | G2: Hrs/day | H2: metric/task in hrs | I2: count per day | J2: achieved on the day | K2: Efficiency | L2: Road blocks | M2: Notes
K3: =IF(I3>0, J3/I3, "")
K4: =IF(I4>0, J4/I4, "")
K5: =IF(I5>0, J5/I5, "")
K6: =IF(I6>0, J6/I6, "")
K7: =IF(I7>0, J7/I7, "")
K8: =IF(I8>0, J8/I8, "")
K9: =IF(I9>0, J9/I9, "")
K10: =IF(I10>0, J10/I10, "")
K11: =IF(I11>0, J11/I11, "")
K12: =IF(I12>0, J12/I12, "")
K13: =IF(I13>0, J13/I13, "")
K14: =IF(I14>0, J14/I14, "")
... K60: =IF(I60>0, J60/I60, "")

Sheet Priti
B2: S.No | C2: Date | D2: Task worker | E2: Task | F2: Assets/Units/ISOs/PIDs | G2: Hrs/day | H2: metric/task in hrs | I2: count per day | J2: achieved on the day | K2: Efficiency | L2: Road blocks | M2: Notes
K3: =IF(I3>0, J3/I3, "")
K4: =IF(I4>0, J4/I4, "")
K5: =IF(I5>0, J5/I5, "")
K6: =IF(I6>0, J6/I6, "")
K7: =IF(I7>0, J7/I7, "")
K8: =IF(I8>0, J8/I8, "")
K9: =IF(I9>0, J9/I9, "")
K10: =IF(I10>0, J10/I10, "")
K11: =IF(I11>0, J11/I11, "")
K12: =IF(I12>0, J12/I12, "")
K13: =IF(I13>0, J13/I13, "")
K14: =IF(I14>0, J14/I14, "")
... K60: =IF(I60>0, J60/I60, "")

Sheet Savan
B2: S.No | C2: Date | D2: Task worker | E2: Task | F2: Assets/Units/ISOs/PIDs | G2: Hrs/day | H2: metric/task in hrs | I2: count per day | J2: achieved on the day | K2: Efficiency | L2: Road blocks | M2: Notes
K3: =IF(I3>0, J3/I3, "")
K4: =IF(I4>0, J4/I4, "")
K5: =IF(I5>0, J5/I5, "")
K6: =IF(I6>0, J6/I6, "")
K7: =IF(I7>0, J7/I7, "")
K8: =IF(I8>0, J8/I8, "")
K9: =IF(I9>0, J9/I9, "")
K10: =IF(I10>0, J10/I10, "")
K11: =IF(I11>0, J11/I11, "")
K12: =IF(I12>0, J12/I12, "")
K13: =IF(I13>0, J13/I13, "")
K14: =IF(I14>0, J14/I14, "")
... K60: =IF(I60>0, J60/I60, "")

Sheet Soumen
B2: S.No | C2: Date | D2: Task worker | E2: Task | F2: Assets/Units/ISOs/PIDs | G2: Hrs/day | H2: metric/task in hrs | I2: count per day | J2: achieved on the day | K2: Efficiency | L2: Road blocks | M2: Notes
K3: =IF(I3>0, J3/I3, "")
K4: =IF(I4>0, J4/I4, "")
K5: =IF(I5>0, J5/I5, "")
K6: =IF(I6>0, J6/I6, "")
K7: =IF(I7>0, J7/I7, "")
K8: =IF(I8>0, J8/I8, "")
K9: =IF(I9>0, J9/I9, "")
K10: =IF(I10>0, J10/I10, "")
K11: =IF(I11>0, J11/I11, "")
K12: =IF(I12>0, J12/I12, "")
K13: =IF(I13>0, J13/I13, "")
K14: =IF(I14>0, J14/I14, "")
... K60: =IF(I60>0, J60/I60, "")

Sheet Musthaque
B2: S.No | C2: Date | D2: Task worker | E2: Task | F2: Assets/Units/ISOs/PIDs | G2: Hrs/day | H2: metric/task in hrs | I2: count per day | J2: achieved on the day | K2: Efficiency | L2: Road blocks | M2: Notes
B3: 1 | C3: 8/3/2026 | D3: Musthaque | G3: 5.75 | H3: 0.25 | I3: 10 | J3: 6 | K3: =IF(I3>0, J3/I3, "")
G4: 1.25 | K4: =IF(I4>0, J4/I4, "")
G5: 1 | K5: =IF(I5>0, J5/I5, "")
K6: =IF(I6>0, J6/I6, "")
K7: =IF(I7>0, J7/I7, "")
K8: =IF(I8>0, J8/I8, "")
K9: =IF(I9>0, J9/I9, "")
K10: =IF(I10>0, J10/I10, "")
K11: =IF(I11>0, J11/I11, "")
K12: =IF(I12>0, J12/I12, "")
K13: =IF(I13>0, J13/I13, "")
K14: =IF(I14>0, J14/I14, "")
K15: =IF(I15>0, J15/I15, "")
K16: =IF(I16>0, J16/I16, "")
K17: =IF(I17>0, J17/I17, "")
... K60: =IF(I60>0, J60/I60, "")

Sheet Silvalif
B2: S.No | C2: Date | D2: Task worker | E2: Task | F2: Assets/Units/ISOs/PIDs | G2: Hrs/day | H2: metric/task in hrs | I2: count per day | J2: achieved on the day | K2: Efficiency | L2: Road blocks | M2: Notes
K3: =IF(I3>0, J3/I3, "")
K4: =IF(I4>0, J4/I4, "")
K5: =IF(I5>0, J5/I5, "")
K6: =IF(I6>0, J6/I6, "")
K7: =IF(I7>0, J7/I7, "")
K8: =IF(I8>0, J8/I8, "")
K9: =IF(I9>0, J9/I9, "")
K10: =IF(I10>0, J10/I10, "")
K11: =IF(I11>0, J11/I11, "")
K12: =IF(I12>0, J12/I12, "")
K13: =IF(I13>0, J13/I13, "")
K14: =IF(I14>0, J14/I14, "")
... K60: =IF(I60>0, J60/I60, "")

Sheet Anjani
B2: S.No | C2: Date | D2: Task worker | E2: Task | F2: Assets/Units/ISOs/PIDs | G2: Hrs/day | H2: metric/task in hrs | I2: count per day | J2: achieved on the day | K2: Efficiency | L2: Road blocks | M2: Notes
K3: =IF(I3>0, J3/I3, "")
K4: =IF(I4>0, J4/I4, "")
K5: =IF(I5>0, J5/I5, "")
K6: =IF(I6>0, J6/I6, "")
K7: =IF(I7>0, J7/I7, "")
K8: =IF(I8>0, J8/I8, "")
K9: =IF(I9>0, J9/I9, "")
K10: =IF(I10>0, J10/I10, "")
K11: =IF(I11>0, J11/I11, "")
K12: =IF(I12>0, J12/I12, "")
K13: =IF(I13>0, J13/I13, "")
K14: =IF(I14>0, J14/I14, "")
... K60: =IF(I60>0, J60/I60, "")

Sheet Sandip
B2: S.No | C2: Date | D2: Task worker | E2: Task | F2: Assets/Units/ISOs/PIDs | G2: Hrs/day | H2: metric/task in hrs | I2: count per day | J2: achieved on the day | K2: Efficiency | L2: Road blocks | M2: Notes
K3: =IF(I3>0, J3/I3, "")
K4: =IF(I4>0, J4/I4, "")
K5: =IF(I5>0, J5/I5, "")
K6: =IF(I6>0, J6/I6, "")
K7: =IF(I7>0, J7/I7, "")
K8: =IF(I8>0, J8/I8, "")
K9: =IF(I9>0, J9/I9, "")
K10: =IF(I10>0, J10/I10, "")
K11: =IF(I11>0, J11/I11, "")
K12: =IF(I12>0, J12/I12, "")
K13: =IF(I13>0, J13/I13, "")
K14: =IF(I14>0, J14/I14, "")
... K60: =IF(I60>0, J60/I60, "")

Sheet Piyush
B2: S.No | C2: Date | D2: Task worker | E2: Task | F2: Assets/Units/ISOs/PIDs | G2: Hrs/day | H2: metric/task in hrs | I2: count per day | J2: achieved on the day | K2: Efficiency | L2: Road blocks | M2: Notes
K3: =IF(I3>0, J3/I3, "")
K4: =IF(I4>0, J4/I4, "")
K5: =IF(I5>0, J5/I5, "")
K6: =IF(I6>0, J6/I6, "")
K7: =IF(I7>0, J7/I7, "")
K8: =IF(I8>0, J8/I8, "")
K9: =IF(I9>0, J9/I9, "")
K10: =IF(I10>0, J10/I10, "")
K11: =IF(I11>0, J11/I11, "")
K12: =IF(I12>0, J12/I12, "")
K13: =IF(I13>0, J13/I13, "")
K14: =IF(I14>0, J14/I14, "")
... K60: =IF(I60>0, J60/I60, "")
